-- phpMyAdmin SQL Dump
-- version 4.8.5
-- https://www.phpmyadmin.net/
--
-- Host: 127.0.0.1
-- Waktu pembuatan: 04 Mar 2020 pada 14.34
-- Versi server: 10.1.38-MariaDB
-- Versi PHP: 7.3.4

SET SQL_MODE = "NO_AUTO_VALUE_ON_ZERO";
SET AUTOCOMMIT = 0;
START TRANSACTION;
SET time_zone = "+00:00";


/*!40101 SET @OLD_CHARACTER_SET_CLIENT=@@CHARACTER_SET_CLIENT */;
/*!40101 SET @OLD_CHARACTER_SET_RESULTS=@@CHARACTER_SET_RESULTS */;
/*!40101 SET @OLD_COLLATION_CONNECTION=@@COLLATION_CONNECTION */;
/*!40101 SET NAMES utf8mb4 */;

--
-- Database: `restaurant-roni`
--

-- --------------------------------------------------------

--
-- Struktur dari tabel `categories`
--

CREATE TABLE `categories` (
  `category_id` int(11) NOT NULL,
  `category_name` varchar(255) NOT NULL,
  `created_at` timestamp NOT NULL DEFAULT CURRENT_TIMESTAMP,
  `updated_at` timestamp NOT NULL DEFAULT CURRENT_TIMESTAMP ON UPDATE CURRENT_TIMESTAMP
) ENGINE=InnoDB DEFAULT CHARSET=latin1;

--
-- Dumping data untuk tabel `categories`
--

INSERT INTO `categories` (`category_id`, `category_name`, `created_at`, `updated_at`) VALUES
(6, 'Drinks', '2020-01-20 00:28:40', '2020-01-20 00:28:40'),
(7, 'Cookies', '2020-01-22 10:34:55', '2020-01-22 10:34:55'),
(8, 'Food', '2020-01-27 10:20:20', '2020-01-27 10:20:20'),
(9, 'Cake', '2020-02-02 08:30:46', '2020-02-02 09:40:38'),
(12, 'Buah', '2020-02-06 01:58:24', '2020-02-06 01:58:24'),
(16, 'Snack', '2020-02-06 02:04:02', '2020-02-06 02:04:02'),
(26, 'Kobams', '2020-03-04 04:44:06', '2020-03-04 04:50:09');

-- --------------------------------------------------------

--
-- Struktur dari tabel `orders`
--

CREATE TABLE `orders` (
  `order_id` int(11) NOT NULL,
  `invoice_number` varchar(255) NOT NULL,
  `user_id` int(11) NOT NULL,
  `subTotal` varchar(255) NOT NULL,
  `PPn` varchar(255) NOT NULL,
  `created_at` timestamp NOT NULL DEFAULT CURRENT_TIMESTAMP
) ENGINE=InnoDB DEFAULT CHARSET=latin1;

--
-- Dumping data untuk tabel `orders`
--

INSERT INTO `orders` (`order_id`, `invoice_number`, `user_id`, `subTotal`, `PPn`, `created_at`) VALUES
(1, '000000', 1, '00000', '00000', '2020-01-22 03:14:30'),
(45, '478355', 1, '280000', '28000', '2020-01-22 03:33:16'),
(46, '471827', 1, '240000', '24000', '2020-01-22 12:20:05'),
(47, '125497', 1, '480000', '48000', '2020-01-22 14:58:44'),
(48, '152381', 1, '480000', '48000', '2020-01-22 15:01:48'),
(49, '588613', 1, '320000', '32000', '2020-01-23 01:16:34'),
(50, '795282', 1, '320000', '32000', '2020-01-23 04:02:51'),
(51, '494031', 6, '1605000', '160500', '2020-01-28 16:08:15'),
(52, '198267', 6, '890000', '89000', '2020-01-28 16:19:18'),
(53, '304463', 6, '1600000', '160000', '2020-01-28 16:53:07'),
(54, '260429', 6, '50000', '5000', '2020-01-28 16:55:18'),
(55, '541127', 6, '1600000', '160000', '2020-01-28 16:58:27'),
(56, '772535', 6, '1605000', '160500', '2020-01-28 17:28:29'),
(57, '329555', 6, '1620000', '162000', '2020-01-28 17:37:32'),
(58, '606680', 6, '20000', '2000', '2020-01-29 00:51:39'),
(59, '76515', 6, '90000', '9000', '2020-01-29 02:37:25'),
(60, '570044', 6, '20000', '2000', '2020-01-29 03:31:25'),
(61, '554793', 6, '30000', '3000', '2020-01-29 05:07:51'),
(62, '16507', 6, '140000', '14000', '2020-01-29 06:36:11'),
(63, '776276', 6, '27000', '2700', '2020-01-29 07:26:01'),
(64, '584616', 6, '30000', '3000', '2020-01-29 08:03:57'),
(65, '867771', 6, '165000', '16500', '2020-01-29 08:25:40'),
(66, '413669', 6, '12000', '1200', '2020-01-29 09:03:27'),
(67, '272945', 6, '30000', '3000', '2020-01-29 09:21:22'),
(68, '1596', 6, '210000', '21000', '2020-01-29 10:58:03'),
(69, '328518', 12, '50000', '5000', '2020-01-29 22:44:07'),
(70, '974730', 12, '20000', '2000', '2020-01-29 22:58:27'),
(71, '400248', 12, '20000', '2000', '2020-01-29 23:00:36'),
(72, '479317', 12, '20000', '2000', '2020-01-29 23:00:57'),
(73, '63216', 12, '25000', '2500', '2020-01-29 23:02:59'),
(74, '296192', 13, '25000', '2500', '2020-01-30 04:14:41'),
(75, '849367', 6, '70000', '7000', '2020-02-03 02:05:27'),
(76, '134905', 6, '50000', '5000', '2020-02-03 13:13:10'),
(77, '839596', 6, '55000', '5500', '2020-02-04 10:25:16'),
(78, '144321', 6, '55000', '5500', '2020-02-04 10:25:19'),
(79, '446719', 1, '320000', '32000', '2020-02-05 06:16:25'),
(80, '79321', 6, '55000', '5500', '2020-02-05 06:29:01'),
(81, '837569', 1, '320000', '32000', '2020-02-05 06:45:54'),
(82, '580790', 6, '30000', '3000', '2020-02-05 07:00:08'),
(83, '567765', 6, '50000', '5000', '2020-02-05 07:27:14'),
(84, '543270', 6, '35000', '3500', '2020-02-05 07:28:11'),
(85, '853326', 6, '30000', '3000', '2020-02-05 07:30:45'),
(86, '156508', 6, '30000', '3000', '2020-02-05 07:34:09'),
(87, '999579', 6, '30000', '3000', '2020-02-05 07:40:21'),
(88, '983735', 6, '5000', '500', '2020-02-05 07:41:58'),
(89, '479462', 6, '25000', '2500', '2020-02-05 07:45:45'),
(90, '78240', 6, '55000', '5500', '2020-02-05 07:47:31'),
(91, '474273', 6, '10000', '1000', '2020-02-05 07:48:36'),
(92, '300508', 6, '5000', '500', '2020-02-05 07:49:38'),
(93, '766866', 6, '10000', '1000', '2020-02-05 07:50:21'),
(94, '519349', 6, '30000', '3000', '2020-02-05 07:54:35'),
(95, '640245', 6, '35000', '3500', '2020-02-05 07:55:08'),
(96, '120616', 6, '30000', '3000', '2020-02-05 07:55:59'),
(97, '813472', 6, '30000', '3000', '2020-02-05 07:58:15'),
(98, '699224', 6, '35000', '3500', '2020-02-05 08:00:04'),
(99, '121462', 6, '10000', '1000', '2020-02-05 08:01:13'),
(100, '368880', 6, '30000', '3000', '2020-02-05 08:03:59'),
(101, '214574', 6, '35000', '3500', '2020-02-05 08:04:33'),
(102, '250339', 6, '55000', '5500', '2020-02-05 08:07:39'),
(103, '591869', 6, '55000', '5500', '2020-02-05 08:07:54'),
(104, '455889', 6, '5000', '500', '2020-02-05 08:15:54'),
(105, '568735', 6, '5000', '500', '2020-02-05 08:15:57'),
(106, '933940', 6, '20000', '2000', '2020-02-05 08:16:52'),
(107, '2974', 6, '20000', '2000', '2020-02-05 08:16:59'),
(108, '696070', 6, '5000', '500', '2020-02-05 08:18:09'),
(109, '665471', 6, '5000', '500', '2020-02-05 08:19:59'),
(110, '336628', 6, '35000', '3500', '2020-02-05 08:23:06'),
(111, '236627', 6, '25000', '2500', '2020-02-05 08:28:58'),
(112, '747523', 6, '10000', '1000', '2020-02-05 08:31:26'),
(113, '233487', 6, '50000', '5000', '2020-02-05 08:31:56'),
(114, '665714', 6, '15000', '1500', '2020-02-05 08:32:16'),
(115, '610904', 6, '15000', '1500', '2020-02-05 09:10:20'),
(116, '88645', 4, '30000', '3000', '2020-02-05 10:05:38'),
(117, '144865', 6, '5000', '500', '2020-02-05 10:17:37'),
(118, '33194', 4, '30000', '3000', '2020-02-05 11:53:10'),
(119, '388705', 4, '25000', '2500', '2020-02-05 11:54:23'),
(120, '114357', 6, '35000', '3500', '2020-02-05 14:35:41'),
(121, '553176', 6, '55000', '5500', '2020-02-06 01:54:33'),
(122, '381000', 6, '25000', '2500', '2020-02-06 02:00:38'),
(123, '33457', 4, '30000', '3000', '2020-02-06 02:01:19'),
(124, '164338', 6, '200000', '20000', '2020-02-06 06:38:38'),
(125, '151572', 4, '60000', '6000', '2020-02-06 06:43:35'),
(126, '884966', 24, '70000', '7000', '2020-02-10 11:15:00'),
(127, '608406', 24, '70000', '7000', '2020-02-10 11:18:05'),
(128, '420013', 24, '70000', '7000', '2020-02-10 14:21:10'),
(129, '686051', 24, '70000', '7000', '2020-02-10 14:22:50'),
(130, '279251', 24, '70000', '7000', '2020-02-10 14:23:08'),
(131, '508854', 24, '70000', '7000', '2020-02-10 14:24:38'),
(132, '351558', 24, '35000', '3500', '2020-02-10 14:25:52'),
(133, '567923', 24, '10000', '1000', '2020-02-10 14:43:59'),
(134, '147469', 24, '25000', '2500', '2020-02-11 03:27:55'),
(135, '983687', 24, '35000', '3500', '2020-02-11 09:39:25'),
(136, '511928', 24, '40000', '4000', '2020-02-11 09:43:37'),
(137, '372798', 24, '40000', '4000', '2020-02-11 09:46:01'),
(138, '972546', 24, '75000', '7500', '2020-02-11 09:46:53'),
(139, '304229', 24, '15000', '1500', '2020-02-11 09:51:55'),
(140, '591378', 24, '135000', '13500', '2020-02-11 09:52:29'),
(141, '986633', 24, '40000', '4000', '2020-02-11 09:59:06'),
(142, '448833', 6, '30000', '3000', '2020-02-11 12:11:37'),
(143, '615592', 6, '85000', '8500', '2020-02-11 12:17:28'),
(144, '791624', 37, '15000', '1500', '2020-02-11 17:30:06'),
(145, '568669', 38, '40000', '4000', '2020-02-12 03:02:42'),
(146, '893150', 24, '35000', '3500', '2020-02-12 08:26:59'),
(147, '439959', 39, '70000', '7000', '2020-02-12 16:14:35'),
(148, '977495', 24, '50000', '5000', '2020-02-12 17:13:57'),
(149, '523649', 45, '15000', '1500', '2020-02-13 01:24:04'),
(150, '876336', 49, '80000', '8000', '2020-02-13 07:03:08'),
(151, '680350', 49, '10000', '1000', '2020-02-13 07:17:36'),
(152, '217330', 1, '320000', '32000', '2020-03-01 09:46:49'),
(153, '957664', 1, '320000', '32000', '2020-03-01 09:48:16'),
(154, '20770', 1, '0', '0', '2020-03-01 09:48:53'),
(155, '22183', 1, '0', '0', '2020-03-01 09:50:39'),
(156, '970025', 1, '0', '0', '2020-03-01 09:52:40'),
(157, '366768', 1, '0', '0', '2020-03-01 10:00:31'),
(158, '917713', 1, '320000', '32000', '2020-03-01 10:08:35'),
(159, '283945', 1, '320000', '32000', '2020-03-01 10:09:34'),
(160, '107591', 1, '0', '0', '2020-03-01 10:09:44'),
(161, '619116', 6, '20000', '2000', '2020-03-02 07:58:22'),
(162, '864226', 6, '5000', '500', '2020-03-02 07:58:47'),
(163, '151852', 6, '30000', '3000', '2020-03-03 06:51:02'),
(164, '239211', 6, '25000', '2500', '2020-03-03 12:23:32'),
(165, '761651', 6, '5000', '500', '2020-03-03 14:35:25'),
(166, '110631', 6, '55000', '5500', '2020-03-03 14:55:04'),
(167, '718119', 6, '20000', '2000', '2020-03-03 15:32:49'),
(168, '244416', 6, '20000', '2000', '2020-03-03 15:36:23'),
(169, '14667', 6, '10000', '1000', '2020-03-03 15:38:31'),
(170, '137955', 6, '10000', '1000', '2020-03-03 15:39:36'),
(171, '228196', 6, '20000', '2000', '2020-03-03 15:40:25'),
(172, '300866', 6, '5000', '500', '2020-03-03 15:41:56'),
(173, '892189', 6, '30000', '3000', '2020-03-03 15:44:16'),
(174, '567781', 6, '50000', '5000', '2020-03-03 15:45:04'),
(175, '394877', 6, '145000', '14500', '2020-03-03 15:45:22'),
(176, '455415', 6, '25000', '2500', '2020-03-03 15:48:51'),
(177, '483086', 6, '10000', '1000', '2020-03-03 15:50:51'),
(178, '422191', 1, '320000', '32000', '2020-03-03 15:53:39'),
(179, '647336', 6, '10000', '1000', '2020-03-03 16:04:22'),
(180, '153737', 6, '35000', '3500', '2020-03-03 16:07:02'),
(181, '231343', 6, '10000', '1000', '2020-03-03 16:07:49'),
(182, '836323', 6, '25000', '2500', '2020-03-03 16:11:00'),
(183, '244394', 6, '5000', '500', '2020-03-03 16:13:09'),
(184, '909616', 6, '10000', '1000', '2020-03-03 16:13:42'),
(185, '578561', 6, '10000', '1000', '2020-03-03 16:14:19'),
(186, '526120', 6, '10000', '1000', '2020-03-03 16:18:48'),
(187, '487249', 6, '20000', '2000', '2020-03-03 16:19:21'),
(188, '830587', 6, '25000', '2500', '2020-03-03 16:28:22'),
(189, '386277', 6, '10000', '1000', '2020-03-04 01:31:15'),
(190, '32521', 6, '65000', '6500', '2020-03-04 04:36:02');

-- --------------------------------------------------------

--
-- Struktur dari tabel `order_detail`
--

CREATE TABLE `order_detail` (
  `order_id` int(11) NOT NULL,
  `product_id` int(11) NOT NULL,
  `quantity` int(11) NOT NULL,
  `product_price` int(11) NOT NULL,
  `subTotal` varchar(255) NOT NULL
) ENGINE=InnoDB DEFAULT CHARSET=latin1;

--
-- Dumping data untuk tabel `order_detail`
--

INSERT INTO `order_detail` (`order_id`, `product_id`, `quantity`, `product_price`, `subTotal`) VALUES
(45, 8, 5, 20000, '100000'),
(45, 9, 9, 20000, '180000'),
(46, 8, 3, 20000, '60000'),
(46, 9, 9, 20000, '180000'),
(47, 8, 3, 20000, '60000'),
(47, 9, 9, 20000, '180000'),
(47, 10, 3, 80000, '240000'),
(48, 8, 3, 20000, '60000'),
(48, 9, 9, 20000, '180000'),
(48, 10, 3, 80000, '240000'),
(49, 8, 3, 20000, '60000'),
(49, 9, 1, 20000, '20000'),
(49, 10, 3, 80000, '240000'),
(50, 8, 3, 20000, '60000'),
(50, 9, 1, 20000, '20000'),
(50, 10, 3, 80000, '240000'),
(51, 9, 1, 800000, '800000'),
(51, 10, 1, 800000, '800000'),
(51, 13, 1, 5000, '5000'),
(52, 10, 1, 800000, '800000'),
(52, 14, 2, 45000, '90000'),
(53, 9, 1, 800000, '800000'),
(53, 10, 1, 800000, '800000'),
(54, 13, 1, 5000, '5000'),
(54, 14, 1, 45000, '45000'),
(55, 9, 1, 800000, '800000'),
(55, 10, 1, 800000, '800000'),
(56, 9, 1, 800000, '800000'),
(56, 10, 1, 800000, '800000'),
(56, 13, 1, 5000, '5000'),
(57, 9, 1, 800000, '800000'),
(57, 10, 1, 800000, '800000'),
(57, 11, 1, 20000, '20000'),
(58, 11, 1, 20000, '20000'),
(59, 9, 3, 5000, '15000'),
(59, 10, 3, 5000, '15000'),
(59, 11, 3, 20000, '60000'),
(60, 11, 1, 20000, '20000'),
(61, 9, 1, 5000, '5000'),
(61, 10, 1, 5000, '5000'),
(61, 11, 1, 20000, '20000'),
(62, 11, 7, 20000, '140000'),
(63, 10, 1, 5000, '5000'),
(63, 11, 1, 20000, '20000'),
(63, 14, 1, 2000, '2000'),
(64, 17, 1, 25000, '25000'),
(64, 9, 1, 5000, '5000'),
(65, 17, 3, 25000, '75000'),
(65, 16, 3, 25000, '75000'),
(65, 9, 3, 5000, '15000'),
(66, 9, 1, 5000, '5000'),
(66, 13, 1, 5000, '5000'),
(66, 14, 1, 2000, '2000'),
(67, 13, 1, 5000, '5000'),
(67, 10, 1, 5000, '5000'),
(67, 11, 1, 20000, '20000'),
(68, 11, 1, 20000, '20000'),
(68, 10, 38, 5000, '190000'),
(69, 17, 1, 25000, '25000'),
(69, 18, 1, 25000, '25000'),
(70, 11, 1, 20000, '20000'),
(71, 11, 1, 20000, '20000'),
(72, 11, 1, 20000, '20000'),
(73, 11, 1, 20000, '20000'),
(73, 10, 1, 5000, '5000'),
(74, 11, 1, 20000, '20000'),
(74, 10, 1, 5000, '5000'),
(75, 16, 2, 25000, '50000'),
(75, 11, 1, 20000, '20000'),
(76, 16, 1, 25000, '25000'),
(76, 17, 1, 25000, '25000'),
(78, 9, 1, 5000, '5000'),
(78, 10, 1, 5000, '5000'),
(78, 11, 1, 20000, '20000'),
(78, 14, 1, 25000, '25000'),
(78, 9, 1, 5000, '5000'),
(78, 10, 1, 5000, '5000'),
(78, 11, 1, 20000, '20000'),
(78, 14, 1, 25000, '25000'),
(79, 8, 3, 20000, '60000'),
(79, 9, 1, 20000, '20000'),
(79, 10, 3, 80000, '240000'),
(80, 10, 1, 5000, '5000'),
(80, 11, 2, 20000, '40000'),
(80, 13, 2, 5000, '10000'),
(81, 8, 3, 20000, '60000'),
(81, 9, 1, 20000, '20000'),
(81, 10, 3, 80000, '240000'),
(82, 9, 1, 5000, '5000'),
(82, 10, 1, 5000, '5000'),
(82, 11, 1, 20000, '20000'),
(83, 11, 1, 20000, '20000'),
(83, 14, 1, 25000, '25000'),
(83, 13, 1, 5000, '5000'),
(84, 9, 1, 5000, '5000'),
(84, 13, 1, 5000, '5000'),
(84, 14, 1, 25000, '25000'),
(85, 9, 1, 5000, '5000'),
(85, 10, 1, 5000, '5000'),
(85, 11, 1, 20000, '20000'),
(86, 13, 1, 5000, '5000'),
(86, 14, 1, 25000, '25000'),
(87, 9, 1, 5000, '5000'),
(87, 10, 1, 5000, '5000'),
(87, 11, 1, 20000, '20000'),
(88, 13, 1, 5000, '5000'),
(89, 10, 1, 5000, '5000'),
(89, 11, 1, 20000, '20000'),
(90, 9, 1, 5000, '5000'),
(90, 10, 1, 5000, '5000'),
(90, 11, 1, 20000, '20000'),
(90, 14, 1, 25000, '25000'),
(91, 9, 1, 5000, '5000'),
(91, 10, 1, 5000, '5000'),
(92, 9, 1, 5000, '5000'),
(93, 9, 1, 5000, '5000'),
(93, 10, 1, 5000, '5000'),
(94, 9, 1, 5000, '5000'),
(94, 10, 1, 5000, '5000'),
(94, 11, 1, 20000, '20000'),
(95, 22, 1, 10000, '10000'),
(95, 24, 1, 5000, '5000'),
(95, 20, 1, 20000, '20000'),
(96, 9, 1, 5000, '5000'),
(96, 10, 1, 5000, '5000'),
(96, 11, 1, 20000, '20000'),
(97, 9, 1, 5000, '5000'),
(97, 10, 1, 5000, '5000'),
(97, 11, 1, 20000, '20000'),
(98, 9, 1, 5000, '5000'),
(98, 10, 1, 5000, '5000'),
(98, 11, 1, 20000, '20000'),
(98, 13, 1, 5000, '5000'),
(99, 9, 1, 5000, '5000'),
(99, 10, 1, 5000, '5000'),
(100, 9, 1, 5000, '5000'),
(100, 10, 1, 5000, '5000'),
(100, 11, 1, 20000, '20000'),
(101, 9, 1, 5000, '5000'),
(101, 10, 1, 5000, '5000'),
(101, 14, 1, 25000, '25000'),
(102, 9, 1, 5000, '5000'),
(102, 10, 1, 5000, '5000'),
(102, 11, 1, 20000, '20000'),
(102, 14, 1, 25000, '25000'),
(103, 9, 1, 5000, '5000'),
(103, 10, 1, 5000, '5000'),
(103, 11, 1, 20000, '20000'),
(103, 14, 1, 25000, '25000'),
(104, 9, 1, 5000, '5000'),
(105, 9, 1, 5000, '5000'),
(106, 11, 1, 20000, '20000'),
(107, 11, 1, 20000, '20000'),
(108, 10, 1, 5000, '5000'),
(109, 10, 1, 5000, '5000'),
(110, 9, 1, 5000, '5000'),
(110, 10, 1, 5000, '5000'),
(110, 14, 1, 25000, '25000'),
(111, 10, 1, 5000, '5000'),
(111, 11, 1, 20000, '20000'),
(112, 9, 1, 5000, '5000'),
(112, 10, 1, 5000, '5000'),
(113, 11, 1, 20000, '20000'),
(113, 10, 1, 5000, '5000'),
(113, 14, 1, 25000, '25000'),
(114, 9, 1, 5000, '5000'),
(114, 10, 1, 5000, '5000'),
(114, 13, 1, 5000, '5000'),
(115, 9, 1, 5000, '5000'),
(115, 10, 1, 5000, '5000'),
(115, 13, 1, 5000, '5000'),
(116, 9, 1, 5000, '5000'),
(116, 10, 1, 5000, '5000'),
(116, 11, 1, 20000, '20000'),
(117, 10, 1, 5000, '5000'),
(118, 9, 1, 5000, '5000'),
(118, 10, 1, 5000, '5000'),
(118, 11, 1, 20000, '20000'),
(119, 10, 1, 5000, '5000'),
(119, 11, 1, 20000, '20000'),
(120, 9, 1, 5000, '5000'),
(120, 13, 1, 5000, '5000'),
(120, 14, 1, 25000, '25000'),
(121, 17, 1, 25000, '25000'),
(121, 16, 1, 25000, '25000'),
(121, 9, 1, 5000, '5000'),
(122, 9, 1, 5000, '5000'),
(122, 20, 1, 20000, '20000'),
(123, 9, 1, 5000, '5000'),
(123, 14, 1, 25000, '25000'),
(124, 9, 4, 5000, '20000'),
(124, 14, 4, 25000, '100000'),
(124, 11, 4, 20000, '80000'),
(125, 9, 2, 5000, '10000'),
(125, 10, 2, 5000, '10000'),
(125, 11, 2, 20000, '40000'),
(126, 9, 2, 5000, '10000'),
(126, 10, 2, 5000, '10000'),
(126, 11, 2, 20000, '40000'),
(126, 13, 2, 5000, '10000'),
(127, 9, 2, 5000, '10000'),
(127, 11, 2, 20000, '40000'),
(127, 22, 2, 10000, '20000'),
(128, 10, 6, 5000, '30000'),
(128, 9, 7, 5000, '35000'),
(128, 13, 1, 5000, '5000'),
(129, 10, 6, 5000, '30000'),
(129, 9, 7, 5000, '35000'),
(129, 13, 1, 5000, '5000'),
(130, 10, 6, 5000, '30000'),
(130, 9, 7, 5000, '35000'),
(130, 13, 1, 5000, '5000'),
(131, 10, 6, 5000, '30000'),
(131, 9, 7, 5000, '35000'),
(131, 13, 1, 5000, '5000'),
(132, 10, 6, 5000, '30000'),
(132, 13, 1, 5000, '5000'),
(133, 10, 1, 5000, '5000'),
(133, 13, 1, 5000, '5000'),
(134, 24, 1, 5000, '5000'),
(134, 20, 1, 20000, '20000'),
(135, 22, 1, 10000, '10000'),
(135, 17, 1, 25000, '25000'),
(136, 22, 1, 10000, '10000'),
(136, 17, 1, 25000, '25000'),
(136, 10, 1, 5000, '5000'),
(137, 22, 1, 10000, '10000'),
(137, 17, 1, 25000, '25000'),
(137, 10, 1, 5000, '5000'),
(138, 14, 1, 25000, '25000'),
(138, 17, 1, 25000, '25000'),
(138, 16, 1, 25000, '25000'),
(139, 9, 1, 5000, '5000'),
(139, 10, 1, 5000, '5000'),
(139, 13, 1, 5000, '5000'),
(140, 16, 2, 25000, '50000'),
(140, 20, 3, 20000, '60000'),
(140, 17, 1, 25000, '25000'),
(141, 22, 1, 10000, '10000'),
(141, 24, 1, 5000, '5000'),
(141, 17, 1, 25000, '25000'),
(142, 9, 1, 5000, '5000'),
(142, 10, 1, 5000, '5000'),
(142, 11, 1, 20000, '20000'),
(143, 14, 1, 25000, '25000'),
(143, 9, 2, 5000, '10000'),
(143, 13, 2, 5000, '10000'),
(143, 11, 2, 20000, '40000'),
(144, 10, 1, 5000, '5000'),
(144, 9, 1, 5000, '5000'),
(144, 13, 1, 5000, '5000'),
(145, 17, 1, 25000, '25000'),
(145, 10, 3, 5000, '15000'),
(146, 10, 1, 5000, '5000'),
(146, 9, 1, 5000, '5000'),
(146, 13, 1, 5000, '5000'),
(146, 11, 1, 20000, '20000'),
(147, 10, 2, 5000, '10000'),
(147, 9, 2, 5000, '10000'),
(147, 13, 2, 5000, '10000'),
(147, 11, 2, 20000, '40000'),
(148, 16, 2, 25000, '50000'),
(149, 9, 1, 5000, '5000'),
(149, 10, 1, 5000, '5000'),
(149, 13, 1, 5000, '5000'),
(150, 16, 2, 25000, '50000'),
(150, 30, 2, 15000, '30000'),
(151, 9, 1, 5000, '5000'),
(151, 10, 1, 5000, '5000'),
(152, 8, 3, 20000, '60000'),
(152, 9, 1, 20000, '20000'),
(152, 10, 3, 80000, '240000'),
(153, 8, 3, 20000, '60000'),
(153, 9, 1, 20000, '20000'),
(153, 10, 3, 80000, '240000'),
(158, 8, 3, 20000, '60000'),
(158, 9, 1, 20000, '20000'),
(158, 10, 3, 80000, '240000'),
(159, 8, 3, 20000, '60000'),
(159, 9, 1, 20000, '20000'),
(159, 10, 3, 80000, '240000'),
(161, 11, 1, 20000, '20000'),
(162, 10, 1, 5000, '5000'),
(163, 9, 1, 5000, '5000'),
(163, 10, 1, 5000, '5000'),
(163, 11, 1, 20000, '20000'),
(164, 11, 1, 20000, '20000'),
(164, 10, 1, 5000, '5000'),
(165, 10, 1, 5000, '5000'),
(166, 11, 1, 20000, '20000'),
(166, 10, 1, 5000, '5000'),
(166, 9, 1, 5000, '5000'),
(166, 14, 1, 25000, '25000'),
(167, 11, 1, 20000, '20000'),
(168, 11, 1, 20000, '20000'),
(169, 10, 1, 5000, '5000'),
(169, 9, 1, 5000, '5000'),
(170, 9, 1, 5000, '5000'),
(170, 10, 1, 5000, '5000'),
(171, 11, 1, 20000, '20000'),
(172, 9, 1, 5000, '5000'),
(173, 13, 1, 5000, '5000'),
(173, 14, 1, 25000, '25000'),
(174, 10, 1, 5000, '5000'),
(174, 11, 1, 20000, '20000'),
(174, 14, 1, 25000, '25000'),
(175, 9, 1, 5000, '5000'),
(175, 10, 1, 5000, '5000'),
(175, 11, 1, 20000, '20000'),
(175, 13, 1, 5000, '5000'),
(175, 14, 1, 25000, '25000'),
(175, 16, 1, 25000, '25000'),
(175, 22, 1, 10000, '10000'),
(175, 24, 1, 5000, '5000'),
(175, 17, 1, 25000, '25000'),
(175, 20, 1, 20000, '20000'),
(176, 11, 1, 20000, '20000'),
(176, 10, 1, 5000, '5000'),
(177, 9, 1, 5000, '5000'),
(177, 10, 1, 5000, '5000'),
(178, 8, 3, 20000, '60000'),
(178, 9, 1, 20000, '20000'),
(178, 10, 3, 80000, '240000'),
(179, 9, 1, 5000, '5000'),
(179, 10, 1, 5000, '5000'),
(180, 9, 1, 5000, '5000'),
(180, 13, 1, 5000, '5000'),
(180, 14, 1, 25000, '25000'),
(181, 9, 1, 5000, '5000'),
(181, 10, 1, 5000, '5000'),
(182, 10, 1, 5000, '5000'),
(182, 11, 1, 20000, '20000'),
(183, 9, 1, 5000, '5000'),
(184, 9, 1, 5000, '5000'),
(184, 10, 1, 5000, '5000'),
(185, 9, 1, 5000, '5000'),
(185, 10, 1, 5000, '5000'),
(186, 9, 1, 5000, '5000'),
(186, 10, 1, 5000, '5000'),
(187, 11, 1, 20000, '20000'),
(188, 10, 1, 5000, '5000'),
(188, 11, 1, 20000, '20000'),
(189, 9, 1, 5000, '5000'),
(189, 10, 1, 5000, '5000'),
(190, 16, 1, 25000, '25000'),
(190, 31, 1, 25000, '25000'),
(190, 29, 1, 15000, '15000');

-- --------------------------------------------------------

--
-- Struktur dari tabel `products`
--

CREATE TABLE `products` (
  `product_id` int(11) NOT NULL,
  `category_id` int(11) NOT NULL,
  `product_name` varchar(255) NOT NULL,
  `product_description` text NOT NULL,
  `product_image` varchar(255) DEFAULT NULL,
  `product_price` varchar(255) NOT NULL,
  `created_at` timestamp NOT NULL DEFAULT CURRENT_TIMESTAMP,
  `updated_at` timestamp NOT NULL DEFAULT CURRENT_TIMESTAMP ON UPDATE CURRENT_TIMESTAMP
) ENGINE=InnoDB DEFAULT CHARSET=latin1;

--
-- Dumping data untuk tabel `products`
--

INSERT INTO `products` (`product_id`, `category_id`, `product_name`, `product_description`, `product_image`, `product_price`, `created_at`, `updated_at`) VALUES
(9, 6, 'Es Cincau', 'Es Cincau', 'assets\\images\\product_image-1580723364499.jpg', '5000', '2020-01-20 04:15:39', '2020-02-03 09:49:26'),
(10, 6, 'Lemon Tea', 'Lemon Tea Enak', 'assets\\images\\product_image-1583119972269.jpg', '5000', '2020-01-20 04:15:48', '2020-03-02 03:32:52'),
(11, 8, 'Salad', 'Salad , Sayuram aja isinya', 'assets\\images\\product_image-1580265408648.jpg', '20000', '2020-01-20 04:15:57', '2020-01-29 02:36:48'),
(13, 6, 'Kopi', 'Kopi Hitam', 'assets\\images\\product_image-1580286430463.jpg', '5000', '2020-01-20 07:43:50', '2020-01-29 08:27:10'),
(14, 8, 'Beef Steak', 'Beef Steak', 'assets\\images\\product_image-1580607612951.jpg', '25000', '2020-01-22 09:47:24', '2020-02-02 01:40:12'),
(16, 8, 'Ayam Bakar', 'Ayam Bakar', 'assets\\images\\product_image-1580121250771.jpg', '25000', '2020-01-23 13:17:22', '2020-01-27 10:34:10'),
(17, 8, 'Ayam Sayur', 'Ayam Sayur', 'assets\\images\\product_image-1580121122283.jpg', '25000', '2020-01-23 14:08:29', '2020-01-27 10:32:02'),
(20, 7, 'Cookie', 'Cookie', 'assets\\images\\product_image-1580309707446.jpg', '20000', '2020-01-29 14:55:07', '2020-01-29 14:55:07'),
(22, 8, 'French Fries', 'Kentang Goreng ', 'assets\\images\\product_image-1580954180586.jpg', '10000', '2020-01-31 01:44:49', '2020-02-06 01:56:20'),
(24, 8, 'Nasi', 'Nasi', 'assets\\images\\product_image-1580699224944.jpg', '5000', '2020-02-03 03:06:31', '2020-02-03 03:07:04'),
(27, 9, 'Strawberry Cake', 'Kueh', 'assets\\images\\product_image-1580912351144.jpg', '150000', '2020-02-05 14:08:31', '2020-02-05 14:19:11'),
(28, 6, 'Aqua', 'Aqua', 'assets\\images\\product_image-1581563162567.png', '5000', '2020-02-13 03:06:02', '2020-02-13 03:06:02'),
(29, 8, 'Bakso', 'Bakso', 'assets\\images\\product_image-1581563420715.jpg', '15000', '2020-02-13 03:10:20', '2020-02-13 03:10:20'),
(30, 8, 'Mie Ayam', 'Mie Ayam', 'assets\\images\\product_image-1581563467603.jpg', '15000', '2020-02-13 03:11:07', '2020-02-13 03:11:07'),
(31, 8, 'Ayam Goreng', 'Ayam Goreng Kalasan', 'assets\\images\\product_image-1583208178310.jpg', '25000', '2020-03-03 03:21:47', '2020-03-03 04:37:37');

-- --------------------------------------------------------

--
-- Struktur dari tabel `user`
--

CREATE TABLE `user` (
  `user_id` int(11) NOT NULL,
  `user_role` varchar(255) NOT NULL,
  `username` varchar(255) NOT NULL,
  `password` varchar(255) NOT NULL,
  `name` varchar(255) NOT NULL,
  `p_key` varchar(255) NOT NULL,
  `profile_picture` varchar(255) NOT NULL,
  `created_at` timestamp NOT NULL DEFAULT CURRENT_TIMESTAMP,
  `updated_at` timestamp NOT NULL DEFAULT CURRENT_TIMESTAMP ON UPDATE CURRENT_TIMESTAMP
) ENGINE=InnoDB DEFAULT CHARSET=latin1;

--
-- Dumping data untuk tabel `user`
--

INSERT INTO `user` (`user_id`, `user_role`, `username`, `password`, `name`, `p_key`, `profile_picture`, `created_at`, `updated_at`) VALUES
(4, '2', 'najih', '13f62f39e811719f668bdafce6a07f3b397c632f3df2089036cbc004dc87e8f2a8dd98a8c04e8761537ef584430b12ea7b487156476bf3bcc2612874ed62b085', 'Najih', '73edeb82dbf58651', '', '2020-01-22 07:41:06', '2020-02-05 13:38:09'),
(5, '2', 'bagus', 'a768a9bf48ee22baf17540ebacfdd25af86336495b1fefe3188d5f49defbf15112065d007dbbdd5aacb4979bfc912c8c5aa2f93ba90771a560e02b490a321cf0', 'Bagus', '868999cd0749fb7f', '', '2020-01-22 09:32:19', '2020-02-06 06:42:17'),
(6, '1', 'roni', '310ebf1ce64da45935dc4748590783f847a13df5a8a34579bda149ed072339eb48808b365f0c7294d77b1586fd9f0e8ff747cd381f11a692a705f2de76be51bc', 'Roni', '0e40578bf49d0082', '', '2020-01-22 17:35:10', '2020-02-03 07:38:37'),
(7, '2', 'yusuf', 'fffe841a4f993796b14e3af8d62429d2c0a70034e31b62521c75d1f24803da0e1596c64e805d35666b93b93d0eefac50a33384f96c23f9e1441cc6636ececfcf', 'yusuf', '99af2c929623d661', '', '2020-01-23 00:47:48', '2020-02-01 09:47:41'),
(8, '2', 'daniel', '930ca23aa7a2d83fade914c92002ecf13a4a0488bdfb01f33927b96052f68a93444ee5f610624477de17ab2056793b9e9ad0df594c7ff0b29aaf31caf088fc29', 'daniel', '7301b871fbebced6', '', '2020-01-24 02:06:52', '2020-02-01 09:47:41'),
(9, '2', 'dendi', '0b33ad5c81241886b31ebc691f3ff8bb4f2edd5155cebbca3e5f19b2be4aada41e82f43c4c83a58928541cefe44f1e3f6c2f83670ead2a2ca9476aa9f16e7e06', 'dondo', '3ef36382c53ffe14', '', '2020-01-28 22:01:35', '2020-02-02 15:13:08'),
(10, '2', 'budi', '34e579e93a8cbdb3003edf2f7de06ad0c7316e59ec36c9d8b43abc1cec5b194e0902e0507e1274e085a6344b70e2716f83d450d6ea0f4651efe6be1f6e683c62', 'budi', '26696090f728298a', '', '2020-02-03 13:46:12', '2020-02-03 13:46:12'),
(11, '2', 'sugab', '1c7952c421f88efa49315206d089f4ea26705b853c4fc9360ebf0bde06cfe4f5154c082fedb582774de04d84692e88ef0bbaa3e3a8079185c51c26a5247b2d3e', 'sugab', '85314b51f9e342da', '', '2020-02-03 13:51:57', '2020-02-03 13:51:57'),
(12, '2', 'raga', '44457f2b89f6dce255ec77f32b0f194b9477549c5fd1bbafe2fab12ec504a2544fe13e9ac423652f8c9ca72c33e197e3929289afc8703cca50d2b47645f735b4', 'raga', '6aec354d876af784', '', '2020-02-03 13:55:24', '2020-02-03 13:55:24'),
(13, '2', 'sharp', '79110c59ecb0ac434daf1c048a8b3ede108dbcb3eac9bd543959fb09f92e870018710e8a7d60a9d6f1e8009e9d943eabb2208541e16878ee4d0bbab17b169305', 'sharp', '5ac6d2ed5efae496', '', '2020-02-03 13:59:33', '2020-02-03 13:59:33'),
(14, '2', 'aaaaa', '10a951e58be89358d4e37cae4cc3abc372a9bc6ea60dea607853d18eda9b6c4c231e8a99414ed4272730d8901a93a97c05601a22504d58f78e26fc9b7cda6676', 'aaaaa', '67b187134e6aee2f', '', '2020-02-03 14:00:33', '2020-02-03 14:00:33'),
(15, '2', 'bbbbb', '71ca1e4cfb52f8222fab25d701a9b20925cd18b010cd175ad6e9d452d6673d89a920d17de3319f4f14f97d584391051b4af50180af9161d3c415a9517222bc4d', 'bbbbb', '254abc8f2d98be73', '', '2020-02-03 14:03:10', '2020-02-03 14:03:10'),
(16, '2', 'fffff', '0a7ececb0498193ed45d4fbf2758728aa09dc45d20a4f1632df08c774b09870fa55c04757d501a6c6bd1fc7e764a2b44d58b44cba92f6ff7924f7b1d53c8a115', 'Alucard', 'ff87d4f776212a18', '', '2020-02-03 14:17:33', '2020-02-03 15:46:11'),
(17, '2', 'mino', '3bdba7653853717176fb84aad0763319dbb8b7e1e300ac0cfdb53b22824b1caecdac94e127aea44ec7b6761325ac5ade95fc4102c85b68b3274e16a0b6e567ba', 'minotaur', '4aa28e730e26b2b1', '', '2020-02-03 14:19:33', '2020-02-03 14:19:33'),
(18, '2', 'necro', '1b21a449268655237b39347b24795a1398bfa6f5d3d76df1f82fafdb615cc6dbff2670f52eceaa9893478ff9834089fd262dfd8926a9a057dc71e3b5ebd9c8a2', 'necromancer', '4c9a38fbb75e40a7', '', '2020-02-03 14:20:31', '2020-02-03 14:20:31'),
(19, '2', 'irvan', '2d6bfc5ecd145d37fb39fbe166c46b692012449d81037cbd810c664ca59de3ed4cc35a1b8572ce356614dbc757c939492bb1488cb226940914b571e5524458e2', 'irvan', 'f5d70b8e59d6e2d7', '', '2020-02-04 16:29:21', '2020-02-04 17:01:19'),
(20, '2', 'gelas', '7853ed9c2ad5f6efce3aaf2e485b9854984f1a3b6d98b11e4bc2ef50fb2cc5398aaeea7654628630d31c59f5e1adb164c2061e42afd2d7f58b2a40f8b05ba347', 'gelas', '3309609b31425db8', '', '2020-02-04 16:31:10', '2020-02-04 16:31:10'),
(21, '2', 'lilya', 'ac3524f144d7e5b29ee8ea9ff9b30f2f2bae535ad158ca9902b25773ad824bde38a5744894ccedb599cd3fac8268440f4fc2cb584de245b78fb61eb48085488c', 'Lilyasadoy', '8934f1fe0cb24072', 'assets\\images\\profile_picture-1581513118845.PNG', '2020-02-05 12:07:19', '2020-02-12 13:12:31'),
(22, '2', 'danu', '12b1501fa1a80322a76cf5d9b5e8467a05bf55b98d7ac05c6269bd7e0b9093c3bbe7286875f1d03cd13f46d62c0e387a8308c74c80ccd48051db38925716f35a', 'danu', '5d3abbedece38f7f', '', '2020-02-10 07:06:51', '2020-02-10 07:06:51'),
(23, '3', 'danur', '39e97a0f59180b673e254faf6994701d11dc10f719b42d78a705d5ee957770805b2e648d6361883b29c07327a9363620cff8b8b023901c3821fdf5b32795e098', 'danur', '62fe33ab74182b9e', '', '2020-02-10 07:09:16', '2020-02-10 07:09:16'),
(24, '2', 'budianto', '321c683919c380eb6633132cc359041dba239bff7c8987a238eb1d9400dcb9ac35fb4b75f810c5c02d81a0ce7d75a5ba10aa6e771deaae2c040ba33ff0675898', 'budianto', 'c78f625222193cfa', 'assets\\images\\profile_picture-1581319389635.PNG', '2020-02-10 07:23:09', '2020-02-12 16:56:19'),
(25, '2', 'nibutani', 'd8ec2522856a785fd866104749fa7708c2eec635c473bd593ecd40633d5b61ab22567dcf4a43704ea298cd2d1f537d8adc718f2768ec3714c96fc1e033488779', 'nibutani', 'fbe6cc2813592c30', 'assets\\images\\profile_picture-1581319703433.png', '2020-02-10 07:28:23', '2020-02-10 07:28:23'),
(26, '2', 'kirik', '0054bcab2c8f5a9857a1129e0eb311b20b80d8a507b2293af21000739b199e96c78c474cc7163c1dbde2325f057b4bc6f0cd71b88d48df8310a67e6b2d2d0b05', 'kirik', 'a04330b9a39dd87e', '', '2020-02-10 07:29:38', '2020-02-10 07:29:38'),
(27, '2', 'usman', 'cf2e15686ad13419c8ccf54bf9f77c175e0c3f0ff2ffbde9dd6e352879865901113df692da104524684a93fc5ef9ea638272aa408abe8be77b043af40531d3fc', 'oesman', '1258acda054b63a0', 'assets\\images\\profile_picture-1581434002930.jpg', '2020-02-11 15:13:23', '2020-02-12 08:55:22'),
(28, '2', 'botol', '6dd86c4284530d00d5f5e8eb69284c6d1f59fbd02b677912849f3f4421b48f098596c359c8fe6023e1202b2a847485656539e04768c6545d8ada5fcfb3fa9a8a', 'botol', '7431cbc667875ed4', '', '2020-02-11 15:14:13', '2020-02-11 15:14:13'),
(29, '2', 'Armin', '4d71fe93335c9acf069c3f0a237c0060fdbf6457934a8f59ff4ef861cceab7f35bb37ef4387c95620456294539b34a7ac109e1c5ddf46192c7e940f6ebc5a05d', 'Armin', 'de2431f545455a7e', '', '2020-02-11 16:49:37', '2020-02-11 16:49:37'),
(30, '2', 'Rak', '4751c9ce4e8127d6d3e9fc4f100a3a6e64016607c7ba949cef17b316411a1edd0437405e77d78af8bee0c274813c323dd892b0e9c3f47f3b465fcc1e98866f6b', 'Rak', '337484c7117b9b0e', '', '2020-02-11 16:53:03', '2020-02-11 16:53:03'),
(31, '2', 'Sarung', '9f1f2eb67bc16ab039748ec768d4e393e3c25bec5da2e153fb99c4d6fb84400169fdbb70da4a5adf002a60de32d37f46e95adee14869307bd60abac6040b5273', 'Sarung', '79e8fbef57e6c3ec', '', '2020-02-11 16:54:49', '2020-02-11 16:54:49'),
(32, '2', 'Jerapah', 'ee5b31adf732c267e977cdb78ae0685ff7c903880c5a5ee29431d0f6c13f952820a50bbc2bda37fc4065f7534f66f0051b688ddd8805b0b67b957c67569d3e1d', 'Jerapah', '0257b79abd4f5527', '', '2020-02-11 17:00:18', '2020-02-11 17:00:18'),
(33, '2', 'Korek', '131b4c13d650013851347cd04e7fd63c0f4134b6451ee2722d9f5f09a5aaea2265d8b3d6d2410a9a7aec3b4ac87fa7f199a6c24eb57abbf88b22af065fd24f24', 'Korek', '735e5352c5a0be25', '', '2020-02-11 17:01:52', '2020-02-11 17:01:52'),
(34, '2', 'Keybord', '4fa8245bacf565c65584f52b2ee2fc24d21152958ec7288bd13ee5c515c054c6a37299e1a7fd68571448631ac6c61a43f4ad42e7eee085c2179584b112b8226a', 'Korek', '8fb52aa8f194665a', '', '2020-02-11 17:04:22', '2020-02-11 17:04:22'),
(35, '2', 'Pulp', 'c0ee80ac633560a6405aaba92bbb6acdad1a57418f5ab866c60eacbc3d00d7560897817be5ab93884c672079a0e6cc9a8b6b37f03291015d1164327128a22cbd', 'Pulp', '392416c95ae9a044', '', '2020-02-11 17:08:54', '2020-02-11 17:08:54'),
(36, '2', 'Nasi', '566a4306a33576ce065b6f1333772c0c948b38010d7157317a1927f879f26d66d4198a43fd73d4b97395cfa1d8e1858594fbbfa422094a95510408e2323b4c84', 'Nasi', '13985b653a03e6ee', '', '2020-02-11 17:15:02', '2020-02-11 17:15:02'),
(37, '2', 'Motor', 'db79d95e7145f4d0f100d3a0e31a440f367d279ca9e01f61ff79c56dbfbb65fb9f8b6279a86343d72c189ac3501d31bbb6f6515f43f6d82d38271300409373b0', 'Motor', '4349b6010521db32', 'assets\\images\\profile_picture-1581442137195.png', '2020-02-11 17:28:57', '2020-02-11 17:28:57'),
(38, '2', 'raga97', '13b0852d87eeae9f5deaeaa1e9d6815852b914cdc2f5f6fe6df1fcdff2da4e443550f4124c2c334a724f8ecd2f92227b7d0e161c70693169726f1e8476755897', 'raga97', 'f7579fc6b18e7eff', 'assets\\images\\profile_picture-1581476493270.jpg', '2020-02-12 03:01:33', '2020-02-12 10:32:22'),
(39, '2', 'Ipan', 'd483fd0c8d56912000b1a930ffdbb667df98a0fd6ff027e2fae3b6e3cfd20541a7684c72918683106c0d034030b3d1e3fc5f17e04619e97fa15f6c289ac424cc', 'Ipan', '08e127bb488140d3', 'assets\\images\\profile_picture-1581524042573.jpg', '2020-02-12 13:48:30', '2020-02-12 16:22:50'),
(41, '2', 'Papan', '632e2908b33bc90be03b982708947b213b344cdbf6c0fb0f1b75f03bad9dcc734da0695b4107ea3594f10f1639c1f1b0bbf6211af5332f49b11de743fd2f1e42', 'Papan', 'e304e0767627beec', '', '2020-02-12 16:41:19', '2020-02-12 16:41:19'),
(42, '2', 'Dandy', '532e26752e9b3359dd11e24dc57ebfb7de9414301398217d3b6c69feb1c2bc67a95be3139b9df1730e96a63d5e3cf17ab3bb75967ee656ddd891e77e887cab27', 'Dandy', '003b31369814f9eb', '', '2020-02-13 01:09:21', '2020-02-13 01:09:21'),
(43, '2', 'Mouse12', 'ab4c87845c2f445caefa5a9a030af74e04f77900f2a821fa2b2e084623c44ddfa1dc01dd50b2d225ad6d3ecae88bd14f2bb44150554d30339f6cec3fd459c5a7', 'mouse', '6dfd91a9ec8aba1f', 'assets\\images\\profile_picture-1581556339958.jpg', '2020-02-13 01:11:25', '2020-02-13 01:12:20'),
(44, '2', 'Mekbuk', '079955379a53e060fffc84b1da2679231e7657e3f11dc64013c11bc166557d79d6bdb52bcc2cacefb0476ef192c110f73936cd7f3880fbbed38296f7bb25f9be', 'Mekbuk', '387175b2744e2296', 'assets\\images\\profile_picture-1581556509076.jpg', '2020-02-13 01:15:09', '2020-02-13 01:15:09'),
(45, '2', 'Yusuf97', '3cf01158781519f2d1597efd2cbec747c2a8fcecdfb4aefa67ba4171c807f538188865c627d894df5ebd301cd6067e4214bb1d9658ca12d74e107f7d0b56d85b', 'Yusuf97', 'e25d3e94c4a988ba', 'assets\\images\\profile_picture-1581556714780.jpg', '2020-02-13 01:18:35', '2020-02-13 01:18:35'),
(46, '2', 'Najih97', '2fd3334edebeca77858dcf03f142fd9f39d605cf23b39e5a6d18e0057cc7c6fc94f30fde67345cf5418414dd48d96d335dc4598d0932c4f2c299c293be8b4208', 'Najih97', '7e37632e6210e5ba', 'assets\\images\\profile_picture-1581559089524.jpg', '2020-02-13 01:57:27', '2020-02-13 01:58:32'),
(47, '2', 'bagoes97', 'f08fda862aaa6968715a9296349f962ffdd232ffbd003b95f4b2d47d110a7f1342b0108faf843049afa0a35dc6dca262766b1333065e6947e12dcd239ad710ce', 'BAGOES', '1cb5cf886a03fc39', 'assets\\images\\profile_picture-1581562365004.jpg', '2020-02-13 02:48:26', '2020-02-13 02:52:45'),
(48, '2', 'Irvan97', '83de3b78d51b108b16cc3183f601d8cf9863fb988f5f7f1a198677ea092154804c26a97841fecbe64e25c2e5c4d295c6aa11edfddff8ebbefbec8983e8506c72', 'Irvan97', 'e2264106002bed44', 'assets\\images\\profile_picture-1581573997626.jpg', '2020-02-13 06:06:37', '2020-02-13 06:06:37'),
(49, '2', 'Irvan98', '0288a902c3031bcafbdd61ba726d10eb8c4aff9a3c767b4a170fdcaaa64313661119e9c76e034a984e63c096c7a2b582dabd64e4bfbbbecddad3af0d5f03f96c', 'Irvan98', 'ab14487017a974a6', 'assets\\images\\profile_picture-1581577480803.jpg', '2020-02-13 07:00:54', '2020-02-13 07:05:29');

--
-- Indexes for dumped tables
--

--
-- Indeks untuk tabel `categories`
--
ALTER TABLE `categories`
  ADD PRIMARY KEY (`category_id`);

--
-- Indeks untuk tabel `orders`
--
ALTER TABLE `orders`
  ADD PRIMARY KEY (`order_id`),
  ADD KEY `user_id` (`user_id`);

--
-- Indeks untuk tabel `order_detail`
--
ALTER TABLE `order_detail`
  ADD KEY `order_id` (`order_id`),
  ADD KEY `product_id` (`product_id`);

--
-- Indeks untuk tabel `products`
--
ALTER TABLE `products`
  ADD PRIMARY KEY (`product_id`),
  ADD KEY `category_id` (`category_id`);

--
-- Indeks untuk tabel `user`
--
ALTER TABLE `user`
  ADD PRIMARY KEY (`user_id`);

--
-- AUTO_INCREMENT untuk tabel yang dibuang
--

--
-- AUTO_INCREMENT untuk tabel `categories`
--
ALTER TABLE `categories`
  MODIFY `category_id` int(11) NOT NULL AUTO_INCREMENT, AUTO_INCREMENT=27;

--
-- AUTO_INCREMENT untuk tabel `orders`
--
ALTER TABLE `orders`
  MODIFY `order_id` int(11) NOT NULL AUTO_INCREMENT, AUTO_INCREMENT=191;

--
-- AUTO_INCREMENT untuk tabel `products`
--
ALTER TABLE `products`
  MODIFY `product_id` int(11) NOT NULL AUTO_INCREMENT, AUTO_INCREMENT=32;

--
-- AUTO_INCREMENT untuk tabel `user`
--
ALTER TABLE `user`
  MODIFY `user_id` int(11) NOT NULL AUTO_INCREMENT, AUTO_INCREMENT=50;

--
-- Ketidakleluasaan untuk tabel pelimpahan (Dumped Tables)
--

--
-- Ketidakleluasaan untuk tabel `products`
--
ALTER TABLE `products`
  ADD CONSTRAINT `products_ibfk_1` FOREIGN KEY (`category_id`) REFERENCES `categories` (`category_id`) ON DELETE CASCADE ON UPDATE CASCADE;
COMMIT;

/*!40101 SET CHARACTER_SET_CLIENT=@OLD_CHARACTER_SET_CLIENT */;
/*!40101 SET CHARACTER_SET_RESULTS=@OLD_CHARACTER_SET_RESULTS */;
/*!40101 SET COLLATION_CONNECTION=@OLD_COLLATION_CONNECTION */;
